<?xml version="1.0" encoding="utf-8"?>
<layer-list xmlns:android="http://schemas.android.com/apk/res/android">
    <item>
        <shape android:shape="rectangle">
            <!-- Draw a 2dp width border around shape -->
            <stroke
                android:color="#F5F5F5"
                android:width="2dp"
                />
        </shape>
    </item>
    <!-- Overlap the left, top and right border using background color  -->
    <item
        android:bottom="2dp"
        >
        <shape android:shape="rectangle">
            <solid android:color="#F5F5F5"/>
        </shape>
    </item>
</layer-list>