<layer-list xmlns:android="http://schemas.android.com/apk/res/android">
    <item>
        <shape android:shape="rectangle">
            <solid android:color="#ca44930b"/>
            <corners android:radius="2dp" />
        </shape>
    </item>

    <item
        android:left="10dp"
        android:right="0dp"
        android:top="0dp"
        android:bottom="0dp">
        <shape android:shape="rectangle">
            <solid android:color="@android:color/white"/>
            <corners android:radius="2dp" />
        </shape>
    </item>
</layer-list>