<?xml version="1.0" encoding="utf-8" ?>
<layer-list xmlns:android="http://schemas.android.com/apk/res/android">

    <item>
        <shape android:shape="rectangle">
            <gradient android:angle="270" android:startColor="#edaf99" android:endColor="#51d11e" android:type="linear" />
        </shape>
    </item>

    <item android:left="10dp">
        <shape android:shape="rectangle">
            <corners android:bottomLeftRadius="5dp" android:bottomRightRadius="5dp" android:topLeftRadius="5dp" android:topRightRadius="5dp" />

            <gradient android:angle="270" android:startColor="#f7faf8" android:endColor="#f2f7f0" android:type="linear" />
        </shape>
    </item>
</layer-list>