<?xml version="1.0" encoding="utf-8"?>
<selector xmlns:android="http://schemas.android.com/apk/res/android">
    <item android:state_pressed="true" android:state_enabled="true">
        <shape android:shape="rectangle">
            <corners android:bottomLeftRadius="5dp" android:bottomRightRadius="5dp" android:topLeftRadius="5dp" android:topRightRadius="5dp"/>
            <solid android:color="@color/transparent_blue"/>
        </shape>
    </item>
    <item android:state_focused="true" android:state_enabled="true">
        <shape android:shape="rectangle">
            <corners android:bottomLeftRadius="5dp" android:bottomRightRadius="5dp" android:topLeftRadius="5dp" android:topRightRadius="5dp"/>
            <solid android:color="@color/transparent_blue"/>
        </shape>
    </item>
    <item android:state_enabled="true">
        <shape android:shape="rectangle">
            <corners android:bottomLeftRadius="5dp" android:bottomRightRadius="5dp" android:topLeftRadius="5dp" android:topRightRadius="5dp"/>
            <solid android:color="@color/status_bar_background_dark_grey"/>
        </shape>
    </item>
</selector>